"sep=;";;;;;;;;;;;;;;;;;;;;;;;;;;;;;;;;;;;;;;;;;;;;;;;
post_name;post_title;post_status;post_content;post_excerpt;post_author;post_parent;post_date;comment_status;ping_status;post_image;ait-items;ait-locations;subtitle;featuredItem;headerImage;headerHeight;address;latitude;longitude;streetview;telephone;telephoneAdditional@number;email;showEmail;contactOwnerBtn;web;webLinkLabel;displayOpeningHours;openingHoursMonday;openingHoursTuesday;openingHoursWednesday;openingHoursThursday;openingHoursFriday;openingHoursSaturday;openingHoursSunday;openingHoursNote;displaySocialIcons;socialIconsOpenInNewWindow;socialIcons@icon;socialIcons@link;displayGallery;gallery@title;gallery@image;displayFeatures;features@icon;features@text;features@desc
";u-s-blues;";U.S. Blues;;A short description of the initiative by its initiators will appear here shortly.;;507;;;;;ARA_Default_Banner_Thumb_Image-1;;";new-york-ny;";;;;;29 ASH ST. #105. BROOKLYN, NY 11222;40.7385371;-73.9537322;;;;info@usblu.es;1;1;usblu.es;;1;Coming Soon;;;;;;;;;;;;1;;;;;;
";soloway;";Soloway;;A short description of the initiative by its initiators will appear here shortly.;;508;;;;;ARA_Default_Banner_Thumb_Image-1;;";new-york-ny;";;;;;384 S. 4TH ST. BROOKLYN, NY 11211;40.7085269;-73.954162;;;;contactsoloway@gmail.com;1;1;soloway.info;;1;Coming Soon;;;;;;;;;;;;1;;;;;;
";lic-a;";Lic-A;;A short description of the initiative by its initiators will appear here shortly.;;509;;;;;ARA_Default_Banner_Thumb_Image-1;;";long-island-city-ny;";;;;;5-25 46th Avenue - Queens, NY 11101;40.7475058;-73.954225;;;;;1;1;http://www.licartists.org/;;1;Coming Soon;;;;;;;;;;;;1;;;;;;
";106-green;";106 Green;;A short description of the initiative by its initiators will appear here shortly.;;510;;;;;ARA_Default_Banner_Thumb_Image-1;;";new-york-ny;";;;;;104 Green Street, #3. Brooklyn, NY 11222;40.733235;-73.9573319;;;;106green@gmail.com;1;1;http://www.106green.com/;;1;Coming Soon;;;;;;;;;;;;1;;;;;;
";booklyn;";Booklyn;;A short description of the initiative by its initiators will appear here shortly.;;511;;;;;ARA_Default_Banner_Thumb_Image-1;;";new-york-ny;";;;;;37 Greenpoint Avenue 4th Floor, Suite E4G Brooklyn, NY 11222;40.729987;-73.958938;;;;maya@booklyn.org;1;1;http://booklyn.org/;;1;Coming Soon;;;;;;;;;;;;1;;;;;;
";not-an-alternative;";Not An Alternative;;A short description of the initiative by its initiators will appear here shortly.;;512;;;;;ARA_Default_Banner_Thumb_Image-1;;";new-york-ny;";;;;;67 West Street. Greenpoint, Brooklyn, NY;40.7286044;-73.9593789;;;;info@notanalternative.net;1;1;http://notanalternative.org/;;1;Coming Soon;;;;;;;;;;;;1;;;;;;
";five-myles;";Five Myles;;A short description of the initiative by its initiators will appear here shortly.;;513;;;;;ARA_Default_Banner_Thumb_Image-1;;";new-york-ny;";;;;;558 ST. JOHNS PL. BROOKLYN, NY 11238;40.672629;-73.959636;;;;info@fivemyles.org;1;1;fivemyles.org;;1;Coming Soon;;;;;;;;;;;;1;;;;;;
";little-nassau;";Little Nassau;;A short description of the initiative by its initiators will appear here shortly.;;514;;;;;ARA_Default_Banner_Thumb_Image-1;;";new-york-ny;";;;;;50 TAAFFE PL. 3RD FLOOR, BROOKLYN, NY 11205;40.697512;-73.9612278;;;;info@littlenassau.biz;1;1;littlenassau.biz;;1;Coming Soon;;;;;;;;;;;;1;;;;;;
";southfirst;";Southfirst;;A short description of the initiative by its initiators will appear here shortly.;;515;;;;;ARA_Default_Banner_Thumb_Image-1;;";new-york-ny;";;;;;60 N. 6TH ST. BROOKLYN, NY 11211;40.7192665;-73.9619055;;;;info@southfirst.org;1;1;southfirst.org;;1;Coming Soon;;;;;;;;;;;;1;;;;;;
";franklin-furance;";Franklin Furance;;A short description of the initiative by its initiators will appear here shortly.;;516;;;;;ARA_Default_Banner_Thumb_Image-1;;";new-york-ny;";;;;;200 Willoughby Ave. BROKLYN NY 11205;40.691805;-73.9635588;;;;mail@franklinfurnace.org;1;1;http://www.franklinfurnace.org/;;1;Coming Soon;;;;;;;;;;;;1;;;;;;
";leimay;";Leimay;;A short description of the initiative by its initiators will appear here shortly.;;517;;;;;ARA_Default_Banner_Thumb_Image-1;;";new-york-ny;";;;;;58 Grand st. Brooklyn 11211 USA;40.7158761;-73.9649558;;;;managment@leimay.org;1;1;http://leimaymain.cavearts.org/;;1;Coming Soon;;;;;;;;;;;;1;;;;;;
";bomb-magazine;";Bomb Magazine;;A short description of the initiative by its initiators will appear here shortly.;;518;;;;;ARA_Default_Banner_Thumb_Image-1;;";new-york-ny;";;;;;80 Hanson Place, Suite 703, Brooklyn, NY 11217-1506;40.6852538;-73.9744259;;;;info@bombsite.com;1;1;http://bombmagazine.org/;;1;Coming Soon;;;;;;;;;;;;1;;;;;;
";sugar;";Sugar;;A short description of the initiative by its initiators will appear here shortly.;;519;;;;;ARA_Default_Banner_Thumb_Image-1;;";new-york-ny;";;;;;449 TROUTMAN ST. #3-5, 3RD FLOOR, BROOKLYN, NY 11237;40.6825379;-73.9751207;;;;sugar@sugarbushwick.com;1;1;sugarbushwick.com;;1;Coming Soon;;;;;;;;;;;;1;;;;;;
";public-art-fund;";Public Art Fund;;A short description of the initiative by its initiators will appear here shortly.;;520;;;;;ARA_Default_Banner_Thumb_Image-1;;";new-york-ny;";;;;;One East 53rd Street, New York, NY 10022;40.7603546;-73.975208;;;;info@publicartfund.org;1;1;http://www.publicartfund.org/;;1;Coming Soon;;;;;;;;;;;;1;;;;;;
";a-gathering-of-the-tribes;";A Gathering Of The Tribes;;A short description of the initiative by its initiators will appear here shortly.;;521;;;;;ARA_Default_Banner_Thumb_Image-1;;";new-york-ny;";;;;;745 E. 6th St Apt. 1A, New York, NY 10009;40.7228687;-73.9772746;;;;gatheringofthetribes@gmail.com;1;1;http://www.tribes.org/web/;;1;Coming Soon;;;;;;;;;;;;1;;;;;;
";urban-glass;";Urban Glass;;A short description of the initiative by its initiators will appear here shortly.;;522;;;;;ARA_Default_Banner_Thumb_Image-1;;";new-york-ny;";;;;;647 Fulton Street, Brooklyn, NY 11217;40.6887185;-73.9791044;;;;info@urbanglass.org;1;1;https://www.urbanglass.org/;;1;Coming Soon;;;;;;;;;;;;1;;;;;;
";bric-artsmediabklyn;";Bric ArtsMediaBklyn;;A short description of the initiative by its initiators will appear here shortly.;;523;;;;;ARA_Default_Banner_Thumb_Image-1;;";new-york-ny;";;;;;647 FULTON ST. BROOKLYN, NY 11217;40.6886419;-73.9791298;;;;bric@bricartsmedia.org;1;1;www.bricartsmedia.org;;1;Coming Soon;;;;;;;;;;;;1;;;;;;
";allied-productions;";Allied Productions;;A short description of the initiative by its initiators will appear here shortly.;;524;;;;;ARA_Default_Banner_Thumb_Image-1;;";new-york-ny;";;;;;346 E. Houston St./ 247 E. 2nd St. New York, NY;40.7210878;-73.9817862;;;;info@alliedproductions.org;1;1;http://alliedproductions.org/;;1;Coming Soon;;;;;;;;;;;;1;;;;;;
";ps122;";Ps122;;A short description of the initiative by its initiators will appear here shortly.;;525;;;;;ARA_Default_Banner_Thumb_Image-1;;";new-york-ny;";;;;;150 First Ave. NEW YORK NY 10009;40.7281776;-73.984377;;;;ps122artgallery@gmail.com;1;1;http://ps122gallery.org/;;1;Coming Soon;;;;;;;;;;;;1;;;;;;
";participant-inc;";Participant Inc.;;A short description of the initiative by its initiators will appear here shortly.;;526;;;;;ARA_Default_Banner_Thumb_Image-1;;";new-york-ny;";;;;;253 East Houston Street, NYC;40.7216102;-73.9852751;;;;submissions@participantinc.org;1;1;http://participantinc.org/;;1;Coming Soon;;;;;;;;;;;;1;;;;;;
";abc-on-rio;";Abc On Rio;;A short description of the initiative by its initiators will appear here shortly.;;527;;;;;ARA_Default_Banner_Thumb_Image-1;;";new-york-ny;";;;;;107 Suffolk Street, #305, New York, NY 10002 ;40.7193134;-73.9853798;;;;abc@abcnorio.org;1;1;http://www.abcnorio.org/;;1;Coming Soon;;;;;;;;;;;;1;;;;;;
";forever-today-inc;";Forever Today Inc.;;A short description of the initiative by its initiators will appear here shortly.;;528;;;;;ARA_Default_Banner_Thumb_Image-1;;";new-york-ny;";;;;;PO Box 305, New York, NY 10002;40.7135097;-73.9859414;;;;info@foreverandtoday.org;1;1;http://www.foreverandtoday.org/;;1;Coming Soon;;;;;;;;;;;;1;;;;;;
";art-in-general;";Art In General;;A short description of the initiative by its initiators will appear here shortly.;;529;;;;;ARA_Default_Banner_Thumb_Image-1;;";new-york-ny;";;;;;20 Jay st. Suite 210A Dumbo Brooklyne NY 11201;40.7040351;-73.9867238;;;;social@artingeneral.org;1;1;http://www.artingeneral.org/;;1;Coming Soon;;;;;;;;;;;;1;;;;;;
";triangle-residency;";Triangle Residency;;A short description of the initiative by its initiators will appear here shortly.;;530;;;;;ARA_Default_Banner_Thumb_Image-1;;";new-york-ny;";;;;;20 JAY ST. BROOKLYN, NY 11201;40.7040072;-73.986759;;;;;1;1;mail@triangleworkshop.org;;1;Coming Soon;;;;;;;;;;;;1;;;;;;
";issue-project-room;";Issue Project Room;;A short description of the initiative by its initiators will appear here shortly.;;531;;;;;ARA_Default_Banner_Thumb_Image-1;;";new-york-ny;";;;;;22 BOERUM PL. GROUND FLOOR, BROOKLYN, NY 11201;40.6908467;-73.9897215;;;;bob@issueprojectroom.org;1;1;issueprojectroom.org;;1;Coming Soon;;;;;;;;;;;;1;;;;;;
";smack-mellon;";Smack Mellon;;A short description of the initiative by its initiators will appear here shortly.;;532;;;;;ARA_Default_Banner_Thumb_Image-1;;";new-york-ny;";;;;;92 PLYMOUTH ST. BROOKLYN, NY 12201;40.703791;-73.989743;;;;info@smackmellon.org;1;1;smackmellon.org;;1;Coming Soon;;;;;;;;;;;;1;;;;;;
";clock-tower;";Clock Tower;;A short description of the initiative by its initiators will appear here shortly.;;533;;;;;ARA_Default_Banner_Thumb_Image-1;;";new-york-ny;";;;;;159 Pioneer St Brooklyn, NY ;40.703733;-73.990279;;;;info@clocktower.org;1;1;http://clocktower.org/#modal;;1;Coming Soon;;;;;;;;;;;;1;;;;;;
";dta-art;";Dta Art;;A short description of the initiative by its initiators will appear here shortly.;;534;;;;;ARA_Default_Banner_Thumb_Image-1;;";new-york-ny;";;;;;70 East Fourth Street New York, NY 10003;40.726337;-73.990401;;;;info@downtownart.org;1;1;http://downtownart.org/;;1;Coming Soon;;;;;;;;;;;;1;;;;;;
";creative-time;";Creative Time;;A short description of the initiative by its initiators will appear here shortly.;;535;;;;;ARA_Default_Banner_Thumb_Image-1;;";new-york-ny;";;;;;59 East 4th Street, 6th Floor, New York, NY 10003;40.7270219;-73.9908285;;;;info@creativetime.org;1;1;http://creativetime.org/;;1;Coming Soon;;;;;;;;;;;;1;;;;;;
";dieu-donne;";Dieu Donne;;A short description of the initiative by its initiators will appear here shortly.;;536;;;;;ARA_Default_Banner_Thumb_Image-1;;";new-york-ny;";;;;;315 W. 36TH ST. NEW YORK, NY 10018;40.7540351;-73.9935178;;;;kflynn@dieudonne.org;1;1;dieudonne.org;;1;Coming Soon;;;;;;;;;;;;1;;;;;;
";white-box;";White Box;;A short description of the initiative by its initiators will appear here shortly.;;537;;;;;ARA_Default_Banner_Thumb_Image-1;;";new-york-ny;";;;;;329 BROOME ST. NEW YORK, NY 10002;40.7190546;-73.9938978;;;;info@whiteboxny.org;1;1;whiteboxny.org;;1;Coming Soon;;;;;;;;;;;;1;;;;;;
";grey-art-gallery;";Grey Art Gallery;;A short description of the initiative by its initiators will appear here shortly.;;538;;;;;ARA_Default_Banner_Thumb_Image-1;;";new-york-ny;";;;;;100 Washington Square E, New York, NY 10003;40.7302704;-73.995686;;;;;1;1;https://greyartgallery.nyu.edu/;;1;Coming Soon;;;;;;;;;;;;1;;;;;;
";residency-unlimited;";Residency Unlimited;;A short description of the initiative by its initiators will appear here shortly.;;539;;;;;ARA_Default_Banner_Thumb_Image-1;;";new-york-ny;";;;;;360 COURT ST. UNIT #4, BROOKLYN, NY 11231;40.6820447;-73.9964722;;;;info@residencyunlimited.org;1;1;residencyunlimited.org;;1;Coming Soon;;;;;;;;;;;;1;;;;;;
";storefront-for-art-and-architecture;";Storefront For Art And Architecture;;A short description of the initiative by its initiators will appear here shortly.;;540;;;;;ARA_Default_Banner_Thumb_Image-1;;";new-york-ny;";;;;;97 KENMARE ST. NEW YORK, NY 10012;40.7214782;-73.9970709;;;;info@storefrontnews.org;1;1;storefrontnews.org;;1;Coming Soon;;;;;;;;;;;;1;;;;;;
";drawing-center;";Drawing Center;;A short description of the initiative by its initiators will appear here shortly.;;541;;;;;ARA_Default_Banner_Thumb_Image-1;;";new-york-ny;";;;;;35 Wooster Street, New York, NY, 10013;40.7224461;-74.0029573;;;;info@drawingcenter.org;1;1;http://www.drawingcenter.org/;;1;Coming Soon;;;;;;;;;;;;1;;;;;;
";artists-space;";Artists Space;;A short description of the initiative by its initiators will appear here shortly.;;542;;;;;ARA_Default_Banner_Thumb_Image-1;;";new-york-ny;";;;;;55 Walker st., New York, NY 10013;40.7187992;-74.0033685;;;;info@artistsspace.org;1;1;http://artistsspace.org/;;1;Coming Soon;;;;;;;;;;;;1;;;;;;
";recess-activities-inc;";Recess Activities Inc.;;A short description of the initiative by its initiators will appear here shortly.;;543;;;;;ARA_Default_Banner_Thumb_Image-1;;";new-york-ny;";;;;;41 GRAND ST. 1ST FLOOR, NEW YORK, NY 10013;40.7224274;-74.0042388;;;;info@recessactivities.org;1;1;recessactivities.org;;1;Coming Soon;;;;;;;;;;;;1;;;;;;
";white-columns;";White Columns;;A short description of the initiative by its initiators will appear here shortly.;;544;;;;;ARA_Default_Banner_Thumb_Image-1;;";new-york-ny;";;;;;320 West 13th Street, New York, NY 10014;40.7388407;-74.0042485;;;;info@whitecolumns.org;1;1;https://www.whitecolumns.org/;;1;Coming Soon;;;;;;;;;;;;1;;;;;;
";apexart;";Apexart;;A short description of the initiative by its initiators will appear here shortly.;;545;;;;;ARA_Default_Banner_Thumb_Image-1;;";new-york-ny;";;;;;291 church street New York, NY 10013;40.7190242;-74.0044312;;;;info@apexart.org;1;1;https://apexart.org/;;1;Coming Soon;;;;;;;;;;;;1;;;;;;
";here;";Here;;A short description of the initiative by its initiators will appear here shortly.;;546;;;;;ARA_Default_Banner_Thumb_Image-1;;";new-york-ny;";;;;;145 Sixth Ave. New York, NT 10013;40.7251584;-74.004931;;;;info@here.org;1;1;http://www.here.org/;;1;Coming Soon;;;;;;;;;;;;1;;;;;;
";swiss-institute;";Swiss Institute;;A short description of the initiative by its initiators will appear here shortly.;;547;;;;;ARA_Default_Banner_Thumb_Image-1;;";new-york-ny;";;;;;102 Franklin Street, Front 1, New York, NY 10013;40.718582;-74.00552;;;;info@swissinstitute.net;1;1;https://www.swissinstitute.net/;;1;Coming Soon;;;;;;;;;;;;1;;;;;;
";the-alternative-museum;";The Alternative Museum;;A short description of the initiative by its initiators will appear here shortly.;;548;;;;;ARA_Default_Banner_Thumb_Image-1;;";new-york-ny;";;;;;No physical address;40.7127837;-74.0059413;;;;contactus@alternativemuseum.org;1;1;http://www.alternativemuseum.org/;;1;Coming Soon;;;;;;;;;;;;1;;;;;;
";summer-forum-for-inquiry-exchange;";Summer Forum For Inquiry Exchange;;A short description of the initiative by its initiators will appear here shortly.;;549;;;;;ARA_Default_Banner_Thumb_Image-1;;";new-york-ny;";;;;;NEW YORK, NY;40.7127837;-74.0059413;;;;info@summerforum.org;1;1;summerforum.org;;1;Coming Soon;;;;;;;;;;;;1;;;;;;
";work-space-through-the-lower-manhattan-cultural-co;";Work Space Through The Lower Manhattan Cultural Council;;A short description of the initiative by its initiators will appear here shortly.;;550;;;;;ARA_Default_Banner_Thumb_Image-1;;";new-york-ny;";;;;;125 MAIDEN LN. 2ND FLOOR, NEW YORK, NY 10038;40.706602;-74.006392;;;;workspaceapp@lmcc.net;1;1;lmcc.net/program/workspace;;1;Coming Soon;;;;;;;;;;;;1;;;;;;
";the-kitchen;";The Kitchen;;A short description of the initiative by its initiators will appear here shortly.;;551;;;;;ARA_Default_Banner_Thumb_Image-1;;";new-york-ny;";;;;;512 W. 19TH ST. NEW YORK, NY 10011;40.7454908;-74.0068073;;;;info@thekitchen.org;1;1;thekitchen.org;;1;Coming Soon;;;;;;;;;;;;1;;;;;;
";eye-beam;";Eye Beam;;A short description of the initiative by its initiators will appear here shortly.;;552;;;;;ARA_Default_Banner_Thumb_Image-1;;";new-york-ny;";;;;;34 35th St., 5th FI, Unit 26 Brooklyn, 11232;40.657218;-74.007963;;;;info@eyebeam.org;1;1;http://eyebeam.org/;;1;Coming Soon;;;;;;;;;;;;1;;;;;;
";camel-art-space;";Camel Art Space;;A short description of the initiative by its initiators will appear here shortly.;;553;;;;;ARA_Default_Banner_Thumb_Image-1;;";new-york-ny;";;;;;722 Metropolitan Ave second flore Broklyn NY 112211;40.6552935;-74.0105104;;;;parallelartspace@gmail.com;1;1;http://camelartspace.com/;;1;Coming Soon;;;;;;;;;;;;1;;;;;;
";kentler-international-drawing-space;";Kentler International Drawing Space;;A short description of the initiative by its initiators will appear here shortly.;;554;;;;;ARA_Default_Banner_Thumb_Image-1;;";new-york-ny;";;;;;353 VAN BRUNT ST. BROOKLYN, NY 11231;40.6770305;-74.0130048;;;;info@kentlergallery.org;1;1;kentlergallery.org;;1;Coming Soon;;;;;;;;;;;;1;;;;;;
";nars-foundation;";Nars Foundation;;A short description of the initiative by its initiators will appear here shortly.;;555;;;;;ARA_Default_Banner_Thumb_Image-1;;";new-york-ny;";;;;;201 46TH ST. 4TH FLOOR, BROOKLYN, NY 11220;40.651333;-74.01434;;;;info@narsfoundation.org;1;1;narsfoundation.org;;1;Coming Soon;;;;;;;;;;;;1;;;;;;
";wave-farm;";Wave Farm;;A short description of the initiative by its initiators will appear here shortly.;;556;;;;;ARA_Default_Banner_Thumb_Image-1;;";acre-ny;";;;;;5662 Route 23 Acra, NY 12405;42.3110253;-74.0549002;;;;info@wavefarm.org;1;1;https://wavefarm.org/;;1;Coming Soon;;;;;;;;;;;;1;;;;;;
";art-house-productions-gallery;";Art House Productions Gallery;;A short description of the initiative by its initiators will appear here shortly.;;557;;;;;ARA_Default_Banner_Thumb_Image-1;;";jersey-city-nj;";;;;;136 MAGNOLIA AVENUE, JERSEY CITY, NJ 07306;40.732107;-74.0606096;;;;info@arthouseproductions.org;1;1;arthouseproductions.org;;1;Coming Soon;;;;;;;;;;;;1;;;;;;
";aljira;";Aljira;;A short description of the initiative by its initiators will appear here shortly.;;558;;;;;ARA_Default_Banner_Thumb_Image-1;;";newark-nj;";;;;;591 BROAD ST. NEWARK, NJ 07102;40.7410444;-74.1696089;;;;info@aljira.org;1;1;aljira.org;;1;Coming Soon;;;;;;;;;;;;1;;;;;;
";solos-project-house;";SoloS Project House;;A short description of the initiative by its initiators will appear here shortly.;;559;;;;;ARA_Default_Banner_Thumb_Image-1;;";newark-nj;";;;;;972 BROAD STREET, NEWARK , NJ 07102;40.7299812;-74.1748586;;;;info@solosprojecthouse.com;1;1;solosprojecthouse.com;;1;Coming Soon;;;;;;;;;;;;1;;;;;;
";index-art-center;";Index Art Center;;A short description of the initiative by its initiators will appear here shortly.;;560;;;;;ARA_Default_Banner_Thumb_Image-1;;";newark-nj;";;;;;237 WASHINGTON STREET, NEWARK, NJ 07102;40.7369256;-74.1748969;;;;index.gallery@gmail.com;1;1;indexartcenter.org;;1;Coming Soon;;;;;;;;;;;;1;;;;;;
";gallery-alferro;";Gallery Alferro;;A short description of the initiative by its initiators will appear here shortly.;;561;;;;;ARA_Default_Banner_Thumb_Image-1;;";newark-nj;";;;;;73 MARKET STREET, NEWARK, NJ 07102;40.7368268;-74.1759356;;;;info@aferro.org;1;1;aferro.org;;1;Coming Soon;;;;;;;;;;;;1;;;;;;
";atalier-de-lile;";Atalier De Lile;;A short description of the initiative by its initiators will appear here shortly.;;562;;;;;ARA_Default_Banner_Thumb_Image-1;;";val-david;";;;;;1289, rue Jean-Baptiste-Dufresne, Val-David;46.029571;-74.205286;;;;art@atelier.qc.ca;1;1;http://atelier.qc.ca/;;1;Coming Soon;;;;;;;;;;;;1;;;;;;
";rair-recycled-artist-in-residency;";Rair Recycled Artist In Residency;;A short description of the initiative by its initiators will appear here shortly.;;563;;;;;ARA_Default_Banner_Thumb_Image-1;;";philadelphia-pa;";;;;;7333 MINOR ST. PHILADELPHIA, PA 19136;40.0218794;-75.0271962;;;;rair.philly@gmail.com;1;1;rairphilly.org;;1;Coming Soon;;;;;;;;;;;;1;;;;;;
";smokey-belles-catskills-artist-retreat;";Smokey Belles Catskills Artist Retreat;;A short description of the initiative by its initiators will appear here shortly.;;564;;;;;ARA_Default_Banner_Thumb_Image-1;;";narrowsburg-ny;";;;;;NARROWSBURG, NY 12764;41.602546;-75.0581943;;;;smokeybelles@gmail.com;1;1;;;1;Coming Soon;;;;;;;;;;;;1;;;;;;
";pterodactyl;";Pterodactyl;;A short description of the initiative by its initiators will appear here shortly.;;565;;;;;ARA_Default_Banner_Thumb_Image-1;;";philadelphia-pa;";;;;;3237 AMBER ST. BOX 3, 5TH fl. NORTH, PHILADELPHIA, PA 19134;39.9926151;-75.1084719;;;;info@pterodactylphiladelphia.org;1;1;pterodactylphiladelphia.org;;1;Coming Soon;;;;;;;;;;;;1;;;;;;
";little-berlin;";Little Berlin;;A short description of the initiative by its initiators will appear here shortly.;;566;;;;;ARA_Default_Banner_Thumb_Image-1;;";philadelphia-pa;";;;;;2430 CORAL ST. PHILADELPHIA, PA 19125;39.9838394;-75.1284849;;;;berlin.little@gmail.com;1;1;littleberlin.org;;1;Coming Soon;;;;;;;;;;;;1;;;;;;
";inliquid;";Inliquid;;A short description of the initiative by its initiators will appear here shortly.;;567;;;;;ARA_Default_Banner_Thumb_Image-1;;";philadelphia-pa;";;;;;1400 N.AMERICAN ST.Studio 314 Philadelphia PA 19122;39.9730209;-75.1401222;;;;listings@inliquid.org;1;1;http://inliquid.org/;;1;Coming Soon;;;;;;;;;;;;1;;;;;;
";fjord;";Fjord;;A short description of the initiative by its initiators will appear here shortly.;;568;;;;;ARA_Default_Banner_Thumb_Image-1;;";philadelphia-pa;";;;;;2419 FRANKFORD AVE. PHILADELPHIA, PA 19125;39.9732722;-75.1404475;;;;fjord.info@gmail.com;1;1;fjordspace.com;;1;Coming Soon;;;;;;;;;;;;1;;;;;;
";icebox-project-space;";Icebox Project Space;;A short description of the initiative by its initiators will appear here shortly.;;569;;;;;ARA_Default_Banner_Thumb_Image-1;;";philadelphia-pa;";;;;;1400 N. AMERICAN ST. PHILADELPHIA, PA 19122;39.9730321;-75.1404684;;;;exhibitions@cranearts.com;1;1;cranearts.com;;1;Coming Soon;;;;;;;;;;;;1;;;;;;
";the-village-of-arts-and-humanities-spaces-residenc;";The Village Of Arts And Humanities Spaces Residency;;A short description of the initiative by its initiators will appear here shortly.;;570;;;;;ARA_Default_Banner_Thumb_Image-1;;";philadelphia-pa;";;;;;VARIOUS, PHILADELPHIA, PA;39.990897;-75.1485077;;;;lillian@villagearts.org;1;1;villagespaces.tumblr.com;;1;Coming Soon;;;;;;;;;;;;1;;;;;;
";pageant-soloveev;";Pageant Soloveev;;A short description of the initiative by its initiators will appear here shortly.;;571;;;;;ARA_Default_Banner_Thumb_Image-1;;";philadelphia-pa;";;;;;607 BAINBRIDGE ST. PHILADELPHIA, PA 19147;39.9413221;-75.1527823;;;;soloveev@verizon.net;1;1;pageantsoloveev.com;;1;Coming Soon;;;;;;;;;;;;1;;;;;;
";marginal-utility;";Marginal Utility;;A short description of the initiative by its initiators will appear here shortly.;;572;;;;;ARA_Default_Banner_Thumb_Image-1;;";philadelphia-pa;";;;;;319 N. 11TH ST. 2ND FLOOR, PHILADELPHIA, PA 19107;39.9583196;-75.1565372;;;;yuka@marginalutility.org;1;1;marginalutility.org;;1;Coming Soon;;;;;;;;;;;;1;;;;;;
";grizzly-grizzly;";Grizzly Grizzly;;A short description of the initiative by its initiators will appear here shortly.;;573;;;;;ARA_Default_Banner_Thumb_Image-1;;";philadelphia-pa;";;;;;319 N. 11TH ST. SUITE 2D, PHILADELPHIA, PA 19107;39.9583073;-75.1565993;;;;2xgrizzly@gmail.com;1;1;grizzlygrizzly.com;;1;Coming Soon;;;;;;;;;;;;1;;;;;;
";napoleon;";Napoleon;;A short description of the initiative by its initiators will appear here shortly.;;574;;;;;ARA_Default_Banner_Thumb_Image-1;;";philadelphia-pa;";;;;;319 N. 11TH ST. 2L, PHILADELPHIA, PA 19107;39.958302;-75.156601;;;;napoleon.philadelphia@gmail.com;1;1;napoleonnapoleon.com;;1;Coming Soon;;;;;;;;;;;;1;;;;;;
";practice-gallery;";Practice Gallery;;A short description of the initiative by its initiators will appear here shortly.;;575;;;;;ARA_Default_Banner_Thumb_Image-1;;";philadelphia-pa;";;;;;319 N. 11TH ST. 2ND FLOOR, #2G, PHILADELPHIA, PA 19107;39.958302;-75.156601;;;;info@practicegallery.org;1;1;practicegallery.org;;1;Coming Soon;;;;;;;;;;;;1;;;;;;
";vox-populi;";Vox Populi;;A short description of the initiative by its initiators will appear here shortly.;;576;;;;;ARA_Default_Banner_Thumb_Image-1;;";philadelphia-pa;";;;;;319 NORTH 11TH ST. 3RD FLOOR, PHILADELPHIA, PA 19107;39.958302;-75.156601;;;;vox@voxpopuligallery.org;1;1;voxpopuligallery.org;;1;Coming Soon;;;;;;;;;;;;1;;;;;;
";space-1026;";Space 1026;;A short description of the initiative by its initiators will appear here shortly.;;577;;;;;ARA_Default_Banner_Thumb_Image-1;;";philadelphia-pa;";;;;;1026 ARCH ST. PHILADELPHIA, PA 19107;39.9535738;-75.1573768;;;;gallery@space1026.com;1;1;space1026.com;;1;Coming Soon;;;;;;;;;;;;1;;;;;;
";mount-airy-contemporary;";Mount Airy Contemporary;;A short description of the initiative by its initiators will appear here shortly.;;578;;;;;ARA_Default_Banner_Thumb_Image-1;;";philadelphia-pa;";;;;;25 W. MT AIRY AVE. PHILADELPHIA, PA 19119;40.0594716;-75.191674;;;;info@mountairycontemporary.com;1;1;mountairycontemporary.com;;1;Coming Soon;;;;;;;;;;;;1;;;;;;
";slought-foundation;";Slought Foundation;;A short description of the initiative by its initiators will appear here shortly.;;579;;;;;ARA_Default_Banner_Thumb_Image-1;;";philadelphia-pa;";;;;;4017 WALNUT ST. PHILADELPHIA, PA 19104;39.9543492;-75.2035036;;;;alevy@slought.org;1;1;slought.org;;1;Coming Soon;;;;;;;;;;;;1;;;;;;
";traction-company;";Traction Company;;A short description of the initiative by its initiators will appear here shortly.;;580;;;;;ARA_Default_Banner_Thumb_Image-1;;";philadelphia-pa;";;;;;4100 HAVERFORD AVE. PHILADELPHIA, PA 19104;39.9622582;-75.205733;;;;info@tractioncompany.com;1;1;tractioncompany.com;;1;Coming Soon;;;;;;;;;;;;1;;;;;;
";the-horned-dorset-colony;";The Horned Dorset Colony;;A short description of the initiative by its initiators will appear here shortly.;;581;;;;;ARA_Default_Banner_Thumb_Image-1;;";leonardsville-ny;";;;;;2000 ROUTE 8, LEONARDSVILLE, NY 13364;42.8091408;-75.2524594;;;;hdcolony@gmail.com;1;1;horneddorsetcolony.org;;1;Coming Soon;;;;;;;;;;;;1;;;;;;
";gallery-101;";Gallery 101;;A short description of the initiative by its initiators will appear here shortly.;;582;;;;;ARA_Default_Banner_Thumb_Image-1;;";ottowa;";;;;;51 B Young Street, Ottawa, Ontario K1S 3H6;45.4020015;-75.7130161;;;;office@g101.ca;1;1;http://www.g101.ca/;;1;Coming Soon;;;;;;;;;;;;1;;;;;;
";daimon;";Daimon;;A short description of the initiative by its initiators will appear here shortly.;;583;;;;;ARA_Default_Banner_Thumb_Image-1;;";gatineau;";;;;;78 Hanson streeet, Gatineau (Quebec);45.4285583;-75.7280754;;;;info@daimon.qc.ca;1;1;http://daimon.qc.ca/;;1;Coming Soon;;;;;;;;;;;;1;;;;;;
";axeneo7;";Axeneo7;;A short description of the initiative by its initiators will appear here shortly.;;584;;;;;ARA_Default_Banner_Thumb_Image-1;;";gatineau;";;;;;80, Hanson st, Gatineau;45.4286851;-75.7281733;;;;axeneo7@axeneo7.qc.ca;1;1;http://www.axeneo7.qc.ca/;;1;Coming Soon;;;;;;;;;;;;1;;;;;;
";art-mission;";Art Mission;;A short description of the initiative by its initiators will appear here shortly.;;585;;;;;ARA_Default_Banner_Thumb_Image-1;;";bingamton-ny;";;;;;61 Prospect Ave, Binghamton, NY 13901;42.1036227;-75.9106325;;;;artmission@artmission.org;1;1;http://artmission.org/;;1;Coming Soon;;;;;;;;;;;;1;;;;;;
";light-work;";Light Work;;A short description of the initiative by its initiators will appear here shortly.;;586;;;;;ARA_Default_Banner_Thumb_Image-1;;";syracuse-ny;";;;;;316 WAVERLY AVE. SYRACUSE, NY 13244;43.0402794;-76.1306582;;;;info@lightwork.org;1;1;lightwork.org;;1;Coming Soon;;;;;;;;;;;;1;;;;;;
";signal-culture;";Signal Culture;;A short description of the initiative by its initiators will appear here shortly.;;587;;;;;ARA_Default_Banner_Thumb_Image-1;;";oswego-ny;";;;;;68 NORTH AVENUE, OSWEGO, NY 13827;42.104344;-76.262537;;;;info@signalculture.org;1;1;signalculture.org;;1;Coming Soon;;;;;;;;;;;;1;;;;;;
";modern-fuel;";Modern Fuel;;A short description of the initiative by its initiators will appear here shortly.;;588;;;;;ARA_Default_Banner_Thumb_Image-1;;";kingston;";;;;;Suite 305, 370 King Street W.Kingston, Ontario;44.2207467;-76.5059297;;;;info@modernfuel.org;1;1;http://www.modernfuel.org/;;1;Coming Soon;;;;;;;;;;;;1;;;;;;
";creative-alliance;";Creative Alliance;;A short description of the initiative by its initiators will appear here shortly.;;589;;;;;ARA_Default_Banner_Thumb_Image-1;;";baltimore-md;";;;;;3134 EASTERN AVE. BALTIMORE, MD 21224;39.2867358;-76.5717826;;;;info@creativealliance.org;1;1;creativealliance.org;;1;Coming Soon;;;;;;;;;;;;1;;;;;;
";labbodies;";Labbodies;;A short description of the initiative by its initiators will appear here shortly.;;590;;;;;ARA_Default_Banner_Thumb_Image-1;;";baltimore-md;";;;;;VARIOUS SITES,BALTIMORE, MD;39.3072137;-76.6118892;;;;labbodies@gmail.com;1;1;labbodies.com;;1;Coming Soon;;;;;;;;;;;;1;;;;;;
";terrault-contemporary;";Terrault Contemporary;;A short description of the initiative by its initiators will appear here shortly.;;591;;;;;ARA_Default_Banner_Thumb_Image-1;;";baltimore-md;";;;;;1515 GUILFORD AVE. BALTIMORE, MD 21202;39.3072536;-76.6121374;;;;info@terraultcontemporary.com;1;1;terraultcontemporary.com;;1;Coming Soon;;;;;;;;;;;;1;;;;;;
";the-bell-foundry;";The Bell Foundry;;A short description of the initiative by its initiators will appear here shortly.;;592;;;;;ARA_Default_Banner_Thumb_Image-1;;";baltimore-md;";;;;;1539 N. CALVERT ST. BALTIMORE, MD 21202;39.307639;-76.613296;;;;davidiskrasner@gmail.com;1;1;bellfoundrybaltimore.com;;1;Coming Soon;;;;;;;;;;;;1;;;;;;
";guest-spot-the-reinstitute;";Guest Spot @ The Reinstitute;;A short description of the initiative by its initiators will appear here shortly.;;593;;;;;ARA_Default_Banner_Thumb_Image-1;;";baltimore-md;";;;;;1715 N. CALVERT ST. BALTIMORE, MD 21202;39.3093318;-76.6134321;;;;rodmalin@guestspot.org;1;1;guestspot.org;;1;Coming Soon;;;;;;;;;;;;1;;;;;;
";xol;";Xol;;A short description of the initiative by its initiators will appear here shortly.;;594;;;;;ARA_Default_Banner_Thumb_Image-1;;";baltimore-md;";;;;;830 PARK AVE. BALTIMORE, MD 21201;39.299749;-76.618662;;;;info@xolgallery.com;1;1;xolgallery.com;;1;Coming Soon;;;;;;;;;;;;1;;;;;;
";maryland-art-place;";Maryland Art Place;;A short description of the initiative by its initiators will appear here shortly.;;595;;;;;ARA_Default_Banner_Thumb_Image-1;;";baltimore-md;";;;;;218 W. SARATOGA ST. BALTIMORE, MD 21201;39.2931555;-76.6188152;;;;map@mdartplace.org;1;1;mdartplace.org;;1;Coming Soon;;;;;;;;;;;;1;;;;;;
";nudashank;";Nudashank;;A short description of the initiative by its initiators will appear here shortly.;;596;;;;;ARA_Default_Banner_Thumb_Image-1;;";baltimore-md;";;;;;405 W. FRANKLIN ST. 3RD FLOOR, BALTIMORE, MD 21201;39.2946019;-76.6215504;;;;nudashank@gmail.com;1;1;nudashank.com;;1;Coming Soon;;;;;;;;;;;;1;;;;;;
";gallery-four;";Gallery Four;;A short description of the initiative by its initiators will appear here shortly.;;597;;;;;ARA_Default_Banner_Thumb_Image-1;;";baltimore-md;";;;;;405 W. FRANKLIN ST. 4TH FLOOR, BALTIMORE, MD 21201;39.2946722;-76.6216347;;;;;1;1;galleryfour.net;;1;Coming Soon;;;;;;;;;;;;1;;;;;;
";the-whole-gallery;";The Whole Gallery;;A short description of the initiative by its initiators will appear here shortly.;;598;;;;;ARA_Default_Banner_Thumb_Image-1;;";baltimore-md;";;;;;405 FRANKLIN ST. 3RD FLOOR, BALTIMORE, MD 21201;39.2946722;-76.6216348;;;;wholeyrollers@gmail.com;1;1;wholegallery.blogspot.com;;1;Coming Soon;;;;;;;;;;;;1;;;;;;
";rowhouse-project;";Rowhouse Project;;A short description of the initiative by its initiators will appear here shortly.;;599;;;;;ARA_Default_Banner_Thumb_Image-1;;";baltimore-md;";;;;;2640 HUNTINGDON AVE. BALTIMORE, MD 21211;39.319274;-76.621989;;;;info@rowhouseproject.com;1;1;rowhouseproject.com;;1;Coming Soon;;;;;;;;;;;;1;;;;;;
";springsteen-gallery;";Springsteen Gallery;;A short description of the initiative by its initiators will appear here shortly.;;600;;;;;ARA_Default_Banner_Thumb_Image-1;;";baltimore-md;";;;;;1511 GUILFORD AVE. #B303, BALTIMORE, MD 21202;39.2949367;-76.6228491;;;;springsteengallery@gmail.com;1;1;springsteengallery.com;;1;Coming Soon;;;;;;;;;;;;1;;;;;;
";freddy-gallery;";Freddy Gallery;;A short description of the initiative by its initiators will appear here shortly.;;601;;;;;ARA_Default_Banner_Thumb_Image-1;;";baltimore-md;";;;;;510 W. FRANKLIN ST. BALTIMORE, MD 21201;39.2948184;-76.623071;;;;info@freddygallery.biz;1;1;freddygallery.biz;;1;Coming Soon;;;;;;;;;;;;1;;;;;;
";open-space;";Open Space;;A short description of the initiative by its initiators will appear here shortly.;;602;;;;;ARA_Default_Banner_Thumb_Image-1;;";baltimore-md;";;;;;512 W. FRANKLIN ST. BALTIMORE, MD;39.2950093;-76.6231098;;;;openspacebaltimore@gmail.com;1;1;openspacebaltimore.com;;1;Coming Soon;;;;;;;;;;;;1;;;;;;
";transformer;";Transformer;;A short description of the initiative by its initiators will appear here shortly.;;603;;;;;ARA_Default_Banner_Thumb_Image-1;;";washington-dc;";;;;;1404 P ST. NW, WASHINGTON DC 20005;38.9094759;-77.0323885;;;;info@transformerdc.org;1;1;transformerdc.org;;1;Coming Soon;;;;;;;;;;;;1;;;;;;
";studio-1469;";Studio 1469;;;;604;;;;;;;";washington-dc;";;;;;1469 HARVARD ST. REAR NW, WASHINGTON DC 20009;38.9267269;-77.0348679;;;;info@studio1469.com;;;studio1469.com;;;;;;;;;;;;;;;;;;;;;
";40th-st-artisr-in-residency-program;";40Th St Artisr-In-Residency Program;;;;605;;;;;;;";philadelphia-pa;";;;;;4007 & 4013 CHESTNUT ST. PHILADELPHIA, PA 18049;40.5016371;-77.2104082;;;;40th.AIR.app@gmail.com;;;40streetair.blogspot.com;;;;;;;;;;;;;;;;;;;;;
";raqs-media-collective;";Raqs Media Collective;;;;606;;;;;;;";new-delhi;";;;;;208B Peacock Lane, Shahpur Jat, New Delhi 110049;28.5490509;77.2138142;;;;studio@raqsmediacollective.net;;;http://www.raqsmediacollective.net/default.aspx;;;;;;;;;;;;;;;;;;;;;
";khoj;";Khoj;;;;607;;;;;;;";new-delhi;";;;;;S-17 Khirkee Extension New Delhi 110017 India;28.5310571;77.2175167;;;;INTERACT@KHOJWORKSHOP.ORG;;;http://khojworkshop.org/;;;;;;;;;;;;;;;;;;;;;
";sediment;";Sediment;;;;608;;;;;;;";richmond-va;";;;;;208 E. GRACE ST. RICHMOND, VA 23219;37.5436059;-77.4405843;;;;sedimentarts@gmail.com;;;sedimentarts.org;;;;;;;;;;;;;;;;;;;;;
";gallery5;";Gallery5;;;;609;;;;;;;";richmond-va;";;;;;200 W. MARSHALL ST. RICHMOND, VA 23220;37.54774;-77.442886;;;;booking@gallery5arts.org;;;gallery5arts.org;;;;;;;;;;;;;;;;;;;;;
";1708-gallery;";1708 Gallery;;;;610;;;;;;;";richmond-va;";;;;;319 W. BROAD ST. RICHMOND, VA 23220;37.5474257;-77.4452853;;;;info@1708gallery.org;;;1708gallery.org;;;;;;;;;;;;;;;;;;;;;
";art-space;";Art Space;;;;611;;;;;;;";peterborough;";;;;;3 / 378 Aylmer Street North, Peterborough, Ontario;44.3051916;-78.3229669;;;;gallery@artspace-arc.org;;;http://artspace-arc.org/;;;;;;;;;;;;;;;;;;;;;
";the-bridge-progressive-arts-initiative-pai;";The Bridge Progressive Arts Initiative Pai;;;;612;;;;;;;";charlottesville-va;";;;;;209 MONTICELLO RD. CHARLOTTESVILLE, VA 22902;38.0272305;-78.4767765;;;;info@thebridgepai.org;;;thebridgepai.org;;;;;;;;;;;;;;;;;;;;;
";the-garage;";The Garage;;;;613;;;;;;;";charlottesville-va;";;;;;250 1ST ST. N. CHARLOTTESVILLE, VA 22902;38.0319754;-78.4810254;;;;samuelpbush@gmail.com;;;thegarage-cville.com;;;;;;;;;;;;;;;;;;;;;
";second-street-gallery;";Second Street Gallery;;;;614;;;;;;;";charlottesville-va;";;;;;250 1ST ST. N. CHARLOTTESVILLE, VA 22902;38.0300635;-78.4811883;;;;members@secondstreetgallery.org;;;secondstreetgallery.org;;;;;;;;;;;;;;;;;;;;;
";lump;";Lump;;;;615;;;;;;;";raleigh-nc;";;;;;505 S. BLOUNT ST. RALEIGH, NC 27601;35.7737509;-78.6366008;;;;lumpgallery@gmail.com;;;teamlump.org;;;;;;;;;;;;;;;;;;;;;
";visual-art-exchange;";Visual Art Exchange;;;;616;;;;;;;";raleigh-nc;";;;;;309 W. MARTIN ST. RALEIGH, NC 27601;35.7769788;-78.6440863;;;;sarah@visualartexchange.org;;;visualartexchange.org;;;;;;;;;;;;;;;;;;;;;
";cepa-gallery;";Cepa Gallery;;;;617;;;;;;;";buffalo-ny;";;;;;617 MAIN ST. BUFFALO, NY 14203;42.8906238;-78.872177;;;;sean@cepagallery.org;;;cepagallery.org;;;;;;;;;;;;;;;;;;;;;
";hallwalls;";Hallwalls;;;;618;;;;;;;";buffalo-ny;";;;;;341 DELAWARE AVE. BUFFALO, NY 14202;42.893589;-78.875184;;;;ed@hallwalls.org;;;hallwalls.org;;;;;;;;;;;;;;;;;;;;;
";sugar-city;";Sugar City;;;;619;;;;;;;";buffalo-ny;";;;;;19 WADSWORTH ST. BUFFALO, NY 14201;42.9001008;-78.8798742;;;;buffalosugarcity@gmail.com;;;buffalosugarcity.org;;;;;;;;;;;;;;;;;;;;;
";project-grant;";Project Grant;;;;620;;;;;;;";buffalo-ny;";;;;;BUFFALO, NY;42.9213986;-78.8899506;;;;projectgrantbuffalo@gmail.com;;;tinadillman.com/project-grant;;;;;;;;;;;;;;;;;;;;;
";niagara-artists-center;";Niagara Artists Center;;;;621;;;;;;;";st-catherines;";;;;;354 St . PAUL Street St. CATHARINES, ON L2R 3N2 CANADA;43.1601399;-79.2414883;;;;artists@nac.org;;;https://nac.org/;;;;;;;;;;;;;;;;;;;;;
";vsvsvs;";Vsvsvs;;;;622;;;;;;;";toronto;";;;;;25 Polson Street unit 1, Toronto, Ontario;43.6413566;-79.3538513;;;;everyone@vsvsvs.org;;;http://vsvsvs.org/;;;;;;;;;;;;;;;;;;;;;
";gallery-44;";Gallery 44;;;;623;;;;;;;";toronto;";;;;;401 Richmond Street West, suite #120, Toronto, Ontario M5V 3A8;43.647952;-79.3944365;;;;info@gallery44.org;;;https://www.gallery44.org/;;;;;;;;;;;;;;;;;;;;;
";open-studio;";Open Studio;;;;624;;;;;;;";toronto;";;;;;401 Richmond Street West suit 104 TORONTO Ontario M5V 3A8 CANADA;43.6478334;-79.3946006;;;;office@openstudio.on.ca;;;http://openstudio.ca/;;;;;;;;;;;;;;;;;;;;;
";red-head-gallery;";Red Head Gallery;;;;625;;;;;;;";toronto;";;;;;401 RICHMOND STREET WEST, TORONTO, ONTARIO M5V 3A8;43.6478334;-79.3946006;;;;art@redheadgallery.org;;;http://www.redheadgallery.org/;;;;;;;;;;;;;;;;;;;;;
";yyz-artists;";Yyz Artists;;;;626;;;;;;;";toronto;";;;;;140-401 Richmond St. W. Toronto, ON M5V 3A8;43.6478334;-79.3946006;;;;yyz@yyzartistsoutlet.org;;;http://www.yyzartistsoutlet.org/;;;;;;;;;;;;;;;;;;;;;
";whippersnapper;";Whippersnapper;;;;627;;;;;;;";toronto;";;;;;594b Dundas Street West Toronto Ontartio M5T 1H5;43.6522967;-79.4009661;;;;general@whippersnapper.ca;;;http://www.whippersnapper.ca/;;;;;;;;;;;;;;;;;;;;;
";art-metropole;";Art Metropole;;;;628;;;;;;;";toronto;";;;;;1490 Dundas Street West, Toronto;43.6497709;-79.4317745;;;;info@artmetropole.com;;;http://artmetropole.com/;;;;;;;;;;;;;;;;;;;;;
";gallery-1313;";Gallery 1313;;;;629;;;;;;;";toronto;";;;;;1313 Queen Street West, Toronto, ON;43.6411114;-79.4332693;;;;director@g1313.org;;;http://g1313.org/;;;;;;;;;;;;;;;;;;;;;
";mercer-union;";Mercer Union;;;;630;;;;;;;";toronto;";;;;;1286 Bloor Street West, Toronto, Ontario;43.658649;-79.4419667;;;;office@mercerunion.org;;;http://www.mercerunion.org/;;;;;;;;;;;;;;;;;;;;;
";gallery-tpw;";Gallery Tpw;;;;631;;;;;;;";toronto;";;;;;170 St. Helens Ave. Toronto, ON, M6H4A1;43.6539625;-79.4427428;;;;info@gallerytpw.ca;;;http://gallerytpw.ca/;;;;;;;;;;;;;;;;;;;;;
";white-water-gallery;";White Water Gallery;;;;632;;;;;;;";north-bay;";;;;;122 Main Street East, North Bay ON P1B 1A8;46.310137;-79.463385;;;;info@whitewatergallery.com;;;http://whitewatergallery.com/;;;;;;;;;;;;;;;;;;;;;
";elsewhere-museum-606-s;";Elsewhere Museum 606 S.;;;;633;;;;;;;";greensboro-nc;";;;;;606 S. ELM ST. GREENSBORO, NC 27406;36.0657165;-79.790804;;;;museum@goelsewhere.org;;;goelsewhere.org;;;;;;;;;;;;;;;;;;;;;
";hamillton-artists-inc;";Hamillton Artists Inc.;;;;634;;;;;;;";hamillton;";;;;;Jackson station 2 King street west Hamilton , on l8p 4w9 p.o box 57125;43.2573383;-79.870065;;;;info@theinc.ca;;;http://www.theinc.ca/;;;;;;;;;;;;;;;;;;;;;
";the-mine-factory;";The Mine Factory;;;;635;;;;;;;";pittsburgh-pa;";;;;;201 N. BRADDOCK AVE. PITTSBURGH, PA 15208;40.4485137;-79.894613;;;;info@miatarduccihenry.com;;;minefactory.tumblr.com;;;;;;;;;;;;;;;;;;;;;
";bunker-projects;";Bunker Projects;;;;636;;;;;;;";pittsburgh-pa;";;;;;5106 PENN AVE. PITTSBURGH, PA 15224;40.4648091;-79.9424672;;;;bunkerprojectsinfo@gmail.com;;;bunkerprojects.org;;;;;;;;;;;;;;;;;;;;;
";the-irma-freeman-center-for-imagination;";The Irma Freeman Center For Imagination;;;;637;;;;;;;";pittsburgh-pa;";;;;;5006 PENN AVE. PITTSBURGH, PA 15224;40.4650041;-79.9437505;;;;sheiladali@irmafreeman.org;;;irmafreeman.org;;;;;;;;;;;;;;;;;;;;;
";assemble;";Assemble;;;;638;;;;;;;";pittsburgh-pa;";;;;;5125 PENN AVE. PITTSBURGH, PA 15224;40.4652973;-79.945936;;;;info@assemblepgh.org;;;assemblepgh.org;;;;;;;;;;;;;;;;;;;;;
";redux;";Redux;;;;639;;;;;;;";pittsburgh-pa;";;;;;136 SAINT PHILIP ST. CHARLESTON, SC 29403;32.8053314;-79.9505217;;;;info@reduxstudios.org;;;reduxstudios.org;;;;;;;;;;;;;;;;;;;;;
";the-shop;";The Shop;;;;640;;;;;;;";pittsburgh-pa;";;;;;4314 MAIN ST. PITTSBURGH, PA 15224;40.464036;-79.9533139;;;;info@spacepittsburgh.org;;;spacepittsburgh.org;;;;;;;;;;;;;;;;;;;;;
";neu-kirche-contemporary-art-center;";Neu Kirche Contemporary Art Center;;;;641;;;;;;;";pittsburgh-pa;";;;;;1000 MADISON AVE. PITTSBURGH, PA 15212;40.4567161;-79.9975384;;;;info@neukirche.org;;;neukirche.org;;;;;;;;;;;;;;;;;;;;;
";future-tenant;";Future Tenant;;;;642;;;;;;;";pittsburgh-pa;";;;;;819 PENN AVE. PITTSBURGH, PA 15222;40.443854;-79.998719;;;;info@futuretenant.org;;;futuretenant.org;;;;;;;;;;;;;;;;;;;;;
";wood-street-galleries;";Wood Street Galleries;;;;643;;;;;;;";pittsburgh-pa;";;;;;601 WOOD ST. PITTSBURGH, PA 15222;40.4422736;-79.9995527;;;;woodstreetgalleries@pgharts.org;;;woodstreetgalleries.org;;;;;;;;;;;;;;;;;;;;;
";kunstra;";Kunstra;;;;644;;;;;;;";aarau;";;;;;Ochsengässli 7, CH-5000 Aarau ;47.3935581;8.044682;;;;info@kunstraumaarau.ch;;;http://www.kunstraumaarau.ch/;;;;;;;;;;;;;;;;;;;;;
";fwd-space;";Fwd Space;;;;645;;;;;;;";lenzburg;";;;;;Lenzburg, Switzerland;47.3904443;8.1721545;;;;;;;http://www.fwd-forward.net/;;;;;;;;;;;;;;;;;;;;;
";einquartiert;";Einquartiert;;;;646;;;;;;;";lucerne;";;;;;Winkelriedstrasse 64;47.045818;8.3075861;;;;einquartiert@gmx.ch;;;https://einquartiert.wordpress.com/;;;;;;;;;;;;;;;;;;;;;
";957-art-magazine;";957 Art Magazine;;;;647;;;;;;;";adligenswil;";;;;;Adligenswil, Switzerland;47.071186;8.3647405;;;;957@957.ch;;;http://www.957.ch/957_home.html;;;;;;;;;;;;;;;;;;;;;
";kunst-transit;";Kunst Transit;;;;648;;;;;;;";karlshuse;";;;;;Karl-Hoffmann-Str.4, D - 76137 Karlsruhe;48.9956813;8.4030645;;;;chrisgeesing@aol.com;;;http://www.kunsttransit.de/;;;;;;;;;;;;;;;;;;;;;
";up-state;";Up State;;;;649;;;;;;;";zurich;";;;;;Fluelastrasse 54, 8047 Zurich;47.3806899;8.4935874;;;;info@upstate.ch;;;http://www.up-state.ch/;;;;;;;;;;;;;;;;;;;;;
";ion;";Ion;;;;650;;;;;;;";zurich;";;;;;Badenerstrasse 565, 8048 Zürich, Switzerland;47.3838103;8.4976223;;;;IONRAUM@GMAIL.COM;;;http://ionraum.tumblr.com/;;;;;;;;;;;;;;;;;;;;;
";ausstel-space;";Ausstel Space;;;;651;;;;;;;";zurich;";;;;;Stefano-Franscini-Platz 5, 8093 Zurich , Switzerland;47.408558;8.507176;;;;ausstellungen@gta.arch.ethz.ch;;;https://ausstellungen.gta.arch.ethz.ch/events/book-for-architects-e/information;;;;;;;;;;;;;;;;;;;;;
";migrati;";Migrati;;;;652;;;;;;;";zurich;";;;;;Turbinenstrasse 54, 8005 Zurich;47.3866702;8.5138567;;;;migrationsmuseumzurich@gmail.com;;;http://www.migrationsmuseum.com/;;;;;;;;;;;;;;;;;;;;;
";corner-college;";Corner College;;;;653;;;;;;;";zurich;";;;;;Kochstrasse 1, CH-8004 Zürich ;47.377656;8.5160382;;;;cornercollege@gmail.com;;;http://www.corner-college.com/;;;;;;;;;;;;;;;;;;;;;
";k3-project-space;";K3 Project Space;;;;654;;;;;;;";zurich;";;;;;Breitensteinstrasse 49a, CH 8037 Zürich ;47.3935811;8.5187593;;;;goodwinclare@bluewin.ch;;;http://k3zh.ch/home/start.asp;;;;;;;;;;;;;;;;;;;;;
";station-21;";Station 21;;;;655;;;;;;;";zurich;";;;;;Stationstrasse 21, 8003 Zurich;47.3723109;8.5191014;;;;info@station21.ch;;;http://www.station21.ch/;;;;;;;;;;;;;;;;;;;;;
";stark-art;";Stark Art;;;;656;;;;;;;";zurich;";;;;;Brauerstrasse 126 , 8004 Zurich;47.380225;8.522758;;;;info@starkart.org;;;http://starkart.org/;;;;;;;;;;;;;;;;;;;;;
";100plus;";100Plus;;;;657;;;;;;;";zurich;";;;;;Hohlstrasse 100 8004 Zurich;47.379268;8.5228129;;;;100plus@gmx.ch;;;http://www.artspace100plus.com/;;;;;;;;;;;;;;;;;;;;;
";kunst-verein;";Kunst Verein;;;;658;;;;;;;";zurich;";;;;;Rolandstrasse 27 CH-8004 Zurich;47.379548;8.5255599;;;;;;;http://www.kunstvereinzuerich.ch/;;;;;;;;;;;;;;;;;;;;;
";die-diele;";Die Diele;;;;659;;;;;;;";zurich;";;;;;SIHLHALLENSTRASSE 4, CH-8004 ZURICH , SWITZERLAND;47.3798855;8.526656;;;;info@diediele.ch;;;http://diediele.ch/;;;;;;;;;;;;;;;;;;;;;
";r57;";R57;;;;660;;;;;;;";zurich;";;;;;Röschibachstrasse 57, CH-8037 Zürich ;47.3936427;8.5267567;;;;info@R57.ch;;;http://r57.ch/;;;;;;;;;;;;;;;;;;;;;
";og9;";Og9;;;;661;;;;;;;";zurich;";;;;;Lagerstrasse 98/99 8004 Zurich;47.380361;8.5288292;;;;info@kunsthausaussersihl.ch;;;https://og9zh.wordpress.com/;;;;;;;;;;;;;;;;;;;;;
";box43;";Box43;;;;662;;;;;;;";zurich;";;;;;Müllerstrasse 43, 8004 Zürich;47.3750937;8.5295609;;;;info@box43.ch;;;http://www.box43.ch/;;;;;;;;;;;;;;;;;;;;;
";walcheturm;";Walcheturm;;;;663;;;;;;;";zurich;";;;;;Kanonengasse 20, 8004 Zurich;47.3780086;8.5303588;;;;info@walcheturm.ch;;;http://www.walcheturm.ch/;;;;;;;;;;;;;;;;;;;;;
";rote-fabrik;";Rote Fabrik;;;;664;;;;;;;";zurich;";;;;;Seestrasse 395, Postfach 1073, 8038 Zürich;47.3434029;8.5357453;;;;;;;http://www.rotefabrik.ch/de/dock18/;;;;;;;;;;;;;;;;;;;;;
";lefoyer-space;";Lefoyer Space;;;;665;;;;;;;";zurich;";;;;;;47.3768866;8.541694;;;;lefoyer@gmx.ch;;;http://lefoyer-lefoyer.blogspot.co.il/;;;;;;;;;;;;;;;;;;;;;
";das-sihlquai55;";Das Sihlquai55;;;;666;;;;;;;";zurich;";;;;;Schoffelgasse 10 8024 Zurich;47.37117;8.5439397;;;;daniela.minneboo@gmx.ch;;;http://www.sihlquai55.ch/;;;;;;;;;;;;;;;;;;;;;
";studiolo;";Studiolo;;;;667;;;;;;;";zurich;";;;;;Eierbrechtstr 50 CH - 8053 zurich;47.3579362;8.5778236;;;;info@studiolo.ch;;;http://studiolo.ch/;;;;;;;;;;;;;;;;;;;;;
";a-certain-lack-of-coherence;";A Certain Lack Of Coherence;;;;668;;;;;;;";porto;";;;;;Rua dos Caldeireiros 77, 4050-140 Porto;41.1452666;-8.6126772;;;;acertainlackofcoherence@gmail.com;;;http://acertainlackofcoherence.blogspot.co.il/;;;;;;;;;;;;;;;;;;;;;
";ormston-house;";Ormston House;;;;669;;;;;;;";limerick;";;;;;9-10 Patrick Street Limerick, Ireland V94 V089;52.6649317;-8.62515;;;;info@ormstonhouse.com;;;http://ormstonhouse.com/;;;;;;;;;;;;;;;;;;;;;
";vebikus;";Vebikus;;;;670;;;;;;;";schaffhausen;";;;;;Baumgartenstrasse 19 Posfact 8201 Schaffhausen Switzerland;47.6944675;8.6360374;;;;info@vebikus-kunsthalle-schaffhausen.ch;;;http://www.vebikus.ch/;;;;;;;;;;;;;;;;;;;;;
";oxyd;";Oxyd;;;;671;;;;;;;";winterthur;";;;;;Wieshofstrasse 108 8408 Winterthur Switzerland;47.5056433;8.6826312;;;;info@oxydart.ch;;;http://www.oxydart.ch/;;;;;;;;;;;;;;;;;;;;;
";kunstverein-eulengasse-frankfurt;";Kunstverein Eulengasse Frankfurt;;;;672;;;;;;;";frankfurt;";;;;;Seckbacher Landstraße 16, 60389 Frankfurt-Bornheim;50.1318117;8.710626;;;;info@eulengasse.de;;;http://www.eulengasse.de/;;;;;;;;;;;;;;;;;;;;;
";kunstraumwinterthur;";Kunstraumwinterthur;;;;673;;;;;;;";winterthur;";;;;;Postfach 2016 8401 Winterthur Switzerland;47.5009882;8.7216092;;;;;;;http://www.kunstraumwinterthur.ch/;;;;;;;;;;;;;;;;;;;;;
";stella-libra;";Stella Libra;;;;674;;;;;;;";sedrun;";;;;;Via Dil Bogn 2 7188 Sedrun Switzerland;46.679236;8.769309;;;;info@stalla-libra.ch;;;http://www.stalla-libra.ch/;;;;;;;;;;;;;;;;;;;;;
";la-rada;";La Rada;;;;675;;;;;;;";locarno;";;;;;Via della Morettina 2, locarno;46.1657965;8.7918641;;;;riccardo.lisi@larada.ch;;;http://larada.ch/;;;;;;;;;;;;;;;;;;;;;
";shed-im-eisenwerk;";Shed Im Eisenwerk;;;;676;;;;;;;";frauenfeld;";;;;;Industriestrasse 23, 8500 Frauenfeld;47.5610709;8.8939269;;;;shed@eisenwerk.ch;;;http://www.neuershed.ch/;;;;;;;;;;;;;;;;;;;;;
";sonnenstube;";Sonnenstube;;;;677;;;;;;;";lugano;";;;;;Via Luigi Canonica 12, 6900 Lugano , Switzerland;46.0067311;8.9578883;;;;hello@diesonnenstube.ch;;;http://diesonnenstube.ch/;;;;;;;;;;;;;;;;;;;;;
";mattress-factory;";Mattress Factory;;;;678;;;;;;;";pittsburgh-pa;";;;;;500 SAMPSONIA WAY, PITTSBURGH, PA 15212;40.4569794;-80.012309;;;;info@mattress.org;;;mattress.org;;;;;;;;;;;;;;;;;;;;;
";central-fine;";Central Fine;;;;679;;;;;;;";miami-fl;";;;;;1226 NORMANDY DR. MIAMI, FL 33141;25.855131;-80.132031;;;;diego@centralfine.com;;;centralfine.com;;;;;;;;;;;;;;;;;;;;;
";dimensions-variable;";Dimensions Variable;;;;680;;;;;;;";miami-fl;";;;;;100 NE 11TH ST. MIAMI, FL 33132;25.777292;-80.190973;;;;dv@dimensionsvariable.net;;;dimensionsvariable.net;;;;;;;;;;;;;;;;;;;;;
";cannonball;";Cannonball;;;;681;;;;;;;";miami-fl;";;;;;1035 N. MIAMI AVE. SUITE 200, MIAMI, FL 33136;25.7845107;-80.193978;;;;splash@cannonballmiami.org;;;cannonballmiami.org;;;;;;;;;;;;;;;;;;;;;
";locust-project;";Locust Project;;;;682;;;;;;;";miami-fl;";;;;;3852 North Miami Avenue, Miami Fl 33127;25.8123763;-80.1956985;;;;info@locustprojects.org;;;http://www.locustprojects.org/#1;;;;;;;;;;;;;;;;;;;;;
";locust-projects;";Locust Projects;;;;683;;;;;;;";miami-fl;";;;;;3852 N. MIAMI AVE. MIAMI, FL 33127;25.8123763;-80.1956985;;;;director@locustprojects.org;;;locustprojects.org;;;;;;;;;;;;;;;;;;;;;
";tiger-tail-productions;";Tiger Tail Productions;;;;684;;;;;;;";miami-fl;";;;;;842 NW 9TH CT. MIAMI, FL 33136;25.782239;-80.210617;;;;email@tigertail.org;;;tigertail.org;;;;;;;;;;;;;;;;;;;;;
";forest-city-gallery;";Forest City Gallery;;;;685;;;;;;;";london;";;;;;258 Richmond Street, London, Ontario;42.9792917;-81.2472877;;;;info@forestcitygallery.com;;;http://www.forestcitygallery.com/;;;;;;;;;;;;;;;;;;;;;
";spaces;";Spaces;;;;686;;;;;;;";cleveland-oh;";;;;;2220 SUPERIOR VIADUCT, CLEVELAND, OH 44113;41.4898535;-81.7113428;;;;contact@spacesgallery.org;;;spacesgallery.org;;;;;;;;;;;;;;;;;;;;;
";forum-artspace;";Forum Artspace;;;;687;;;;;;;";cleveland-oh;";;;;;1300 W. 78TH ST. CLEVELAND, OH 44102;41.484089;-81.739194;;;;gallery@forumartspace.com;;;forumartspace.com;;;;;;;;;;;;;;;;;;;;;
";hub-bub;";Hub-Bub;;;;688;;;;;;;";spartanburg-sc;";;;;;149 S. DANIEL MORGAN AVE. SUITE 2, SPARTANBURG, SC 29306;34.9472305;-81.9340581;;;;celia@hub-bub.com;;;hub-bub.com;;;;;;;;;;;;;;;;;;;;;
";the-dairy-barn-arts-center;";The Dairy Barn Arts Center;;;;689;;;;;;;";athens-oh;";;;;;8000 DAIRY LN. ATHENS, OH 45701;39.3145674;-82.1151318;;;;artsinfo@dairybarn.org;;;dairybarn.org;;;;;;;;;;;;;;;;;;;;;
";mint-art-gallery;";Mint Art Gallery;;;;690;;;;;;;";columbus-oh;";;;;;42 W. JENKINS AVE. COLUMBUS, OH 43207;39.933631;-82.99711;;;;MINTcolumbus@gmail.com;;;mint-collective.org;;;;;;;;;;;;;;;;;;;;;
";roy-g-biv;";Roy G Biv;;;;691;;;;;;;";columbus-oh;";;;;;997 N. HIGH ST. COLUMBUS, OH 43201;39.9827569;-83.0049261;;;;info@roygbivgallery.com;;;roygbivgallery.com;;;;;;;;;;;;;;;;;;;;;
";mote-078-gallery;";Mote 078 Gallery;;;;692;;;;;;;";columbus-oh;";;;;;W 18th ave. Columbus, Ohio 43201;40.0019143;-83.013139;;;;info@felipecastelblanco.com;;;http://mote078.org/;;;;;;;;;;;;;;;;;;;;;
";the-center-for-ongoing-research-and-projects-corp;";The Center For Ongoing Research And Projects Corp;;;;693;;;;;;;";columbus-oh;";;;;;996B W. 3RD AVE. COLUMBUS, OH 43212;39.9847354;-83.0318243;;;;info@the-corp.org;;;the-corp.org;;;;;;;;;;;;;;;;;;;;;
";artcite;";Artcite;;;;694;;;;;;;";windsor;";;;;;109 University Ave. W., Windsor, ON;42.3172046;-83.040177;;;;info@artcite.ca;;;http://artcite.ca/;;;;;;;;;;;;;;;;;;;;;
";public-pool;";Public Pool;;;;695;;;;;;;";hamtramck-mi;";;;;;3309 CANIFF AVE. HAMTRAMCK, MI 48212;42.4013742;-83.0561571;;;;publicpoolart@gmail.com;;;apublicpool.com;;;;;;;;;;;;;;;;;;;;;
";detroit-artists-market;";Detroit Artists Market;;;;696;;;;;;;";detroit-mi;";;;;;4719 WOODWARD AVE. DETROIT, MI 48201;42.3548054;-83.0634776;;;;info@detroitartistsmarket.org;;;detroitartistsmarket.org;;;;;;;;;;;;;;;;;;;;;
";popps-packing;";Popps Packing;;;;697;;;;;;;";hamtramck-mi;";;;;;12138 SAINT AUBIN ST. HAMTRAMCK, MI 48212;42.403802;-83.070777;;;;poppspacking@gmail.com;;;poppspacking.org;;;;;;;;;;;;;;;;;;;;;
";trumbullplex;";Trumbullplex;;;;698;;;;;;;";detroit-mi;";;;;;4210 TRUMBULL AVE. DETROIT, MI 48208;42.346934;-83.075253;;;;trumbullplex@gmail.com;;;trumbullplex.org;;;;;;;;;;;;;;;;;;;;;
";imagination-station;";Imagination Station;;;;699;;;;;;;";detroit-mi;";;;;;2230 AND 2236 14TH ST. DETROIT, MI 48216;42.3299171;-83.0752602;;;;info@facethestation.com;;;facethestation.com;;;;;;;;;;;;;;;;;;;;;
";555-arts-gallery-and-studio;";555 Arts Gallery And Studio;;;;700;;;;;;;";detroit-mi;";;;;;5695 W. VERNOR HWY. DETROIT, MI 48209;42.3256114;-83.0815476;;;;carl@555arts.org;;;555arts.org;;;;;;;;;;;;;;;;;;;;;
";spread-art;";Spread Art;;;;701;;;;;;;";detroit-mi;";;;;;5141 ROSA PARKS BLVD. DETROIT, MI 48208;42.3520788;-83.0840365;;;;thomas@spreadart.org;;;spreadart.org;;;;;;;;;;;;;;;;;;;;;
";the-alley-project-gallery;";The Alley Project Gallery;;;;702;;;;;;;";detroit-mi;";;;;;9233 AVIS ST. DETROIT, MI 48209;42.3037215;-83.1324635;;;;erikhoward@insidesouthwest.com;;;facebook.com/tapgallery;;;;;;;;;;;;;;;;;;;;;
";vacuum-shop-studios;";Vacuum Shop Studios;;;;703;;;;;;;";knoxville-tn;";;;;;1326 N. BROADWAY, KNOXVILLE, TN 37917;35.985963;-83.9213969;;;;;;;vacuumshopstudios.wordpress.com;;;;;;;;;;;;;;;;;;;;;
";art-station;";Art Station;;;;704;;;;;;;";stone-mountain-ga;";;;;;5384 Manor Drive, Stone Mountain GA, 30083;33.8072534;-84.1694014;;;;davidt@artstation.org;;;http://artstation.org/;;;;;;;;;;;;;;;;;;;;;
";atlanta-contemporary-art;";Atlanta Contemporary Art;;;;705;;;;;;;";atlanta-ga;";;;;;535 MEANS ST. NW ATLANTA, GA 30318;33.7729673;-84.4052152;;;;info@thecontemporary.org;;;thecontemporary.org;;;;;;;;;;;;;;;;;;;;;
";lexington-art-league;";Lexington Art League;;;;706;;;;;;;";lexington-ky;";;;;;209 CASTLEWOOD DR. LEXINGTON, KY 40505;38.055309;-84.4758329;;;;sharris@lexingtonartleague.org;;;exingtonartleague.org;;;;;;;;;;;;;;;;;;;;;
